lat, lon, mat_anm_mean, mat_se_mean, mat_tstat,mat_sig, mat_sig_val,mat_npts
   65.000000,  -167.000000,        -2.5498,         1.1362,        -2.2440,        -1.0000,        -2.5498,     2
   63.000000,  -163.000000,        -1.2063,         1.1362,        -1.0617,         0.0000,         0.0000,     2
   67.000000,  -161.000000,        -0.8308,         0.9481,        -0.8763,         0.0000,         0.0000,     3
   69.000000,  -161.000000,         0.0279,         1.1362,         0.0245,         0.0000,         0.0000,     2
   67.000000,  -157.000000,         0.0782,         0.6075,         0.1288,         0.0000,         0.0000,     6
   69.000000,  -157.000000,         0.4512,         0.7714,         0.5849,         0.0000,         0.0000,     3
   67.000000,  -155.000000,         1.9021,         0.4137,         4.5974,         1.0000,         1.9021,    12
   63.000000,  -153.000000,        -4.3210,         0.9211,        -4.6911,        -1.0000,        -4.3210,     1
   67.000000,  -153.000000,        -0.1963,         0.4979,        -0.3943,         0.0000,         0.0000,     8
   63.000000,  -151.000000,         0.6101,         0.7968,         0.7658,         0.0000,         0.0000,     3
   65.000000,  -151.000000,        -0.1817,         0.7689,        -0.2364,         0.0000,         0.0000,     3
   67.000000,  -151.000000,        -1.0005,         0.7688,        -1.3014,         0.0000,         0.0000,     3
   61.000000,  -149.000000,        -0.0587,         1.1362,        -0.0517,         0.0000,         0.0000,     2
   67.000000,  -149.000000,         0.6321,         0.8436,         0.7492,         0.0000,         0.0000,     3
   65.000000,  -147.000000,        -0.5162,         1.1362,        -0.4543,         0.0000,         0.0000,     2
   67.000000,  -147.000000,         2.9046,         0.7833,         3.7083,         1.0000,         2.9046,     3
   69.000000,  -147.000000,         0.4753,         0.8155,         0.5828,         0.0000,         0.0000,     3
   63.000000,  -145.000000,        -0.9168,         0.4975,        -1.8427,         0.0000,         0.0000,     8
   65.000000,  -145.000000,         1.6877,         0.7696,         2.1929,         1.0000,         1.6877,     3
   69.000000,  -145.000000,         4.1047,         0.8024,         5.1157,         1.0000,         4.1047,     3
   67.000000,  -143.000000,        -0.1843,         0.5543,        -0.3325,         0.0000,         0.0000,     6
   65.000000,  -139.000000,         1.1138,         0.7890,         1.4118,         0.0000,         0.0000,     3
   69.000000,  -139.000000,        -0.2188,         0.8006,        -0.2733,         0.0000,         0.0000,     3
   65.000000,  -135.000000,         0.0300,         1.1362,         0.0264,         0.0000,         0.0000,     2
   67.000000,  -133.000000,         0.7845,         0.7781,         1.0083,         0.0000,         0.0000,     3
   69.000000,  -133.000000,         0.6052,         0.5681,         1.0652,         0.0000,         0.0000,     8
   53.000000,  -131.000000,         0.0000,         0.6837,         0.0000,         0.0000,         0.0000,     1
   61.000000,  -131.000000,        -2.6878,         1.1362,        -2.3655,        -1.0000,        -2.6878,     2
   61.000000,  -129.000000,        -5.5501,         1.1362,        -4.8846,        -1.0000,        -5.5501,     2
   63.000000,  -129.000000,         3.3567,         0.8161,         4.1130,         1.0000,         3.3567,     3
   65.000000,  -129.000000,         0.3203,         1.1362,         0.2819,         0.0000,         0.0000,     2
   51.000000,  -127.000000,        -3.3540,         0.7582,        -4.4236,        -1.0000,        -3.3540,     1
   65.000000,  -127.000000,         0.1206,         0.5096,         0.2367,         0.0000,         0.0000,     9
   43.000000,  -123.000000,         0.3110,         0.4547,         0.6840,         0.0000,         0.0000,     1
   45.000000,  -123.000000,        -0.3760,         0.3052,        -1.2318,         0.0000,         0.0000,     2
   47.000000,  -123.000000,        -3.7260,         0.5934,        -6.2791,        -1.0000,        -3.7260,     1
   49.000000,  -123.000000,        -0.9030,         0.4192,        -2.1543,        -1.0000,        -0.9030,     2
   59.000000,  -123.000000,        -5.8900,         0.9022,        -6.5285,        -1.0000,        -5.8900,     1
   63.000000,  -123.000000,        -3.9460,         0.5549,        -7.1112,        -1.0000,        -3.9460,     1
   45.000000,  -121.000000,         4.5930,         0.5688,         8.0749,         1.0000,         4.5930,     1
   51.000000,  -121.000000,         2.1940,         0.3483,         6.2989,         1.0000,         2.1940,     3
   57.000000,  -121.000000,        -0.4060,         0.4933,        -0.8231,         0.0000,         0.0000,     2
   37.000000,  -119.000000,        -0.5432,         0.4645,        -1.1695,         0.0000,         0.0000,     4
   49.000000,  -119.000000,        -1.5890,         0.9377,        -1.6946,         0.0000,         0.0000,     1
   55.000000,  -119.000000,        -0.7510,         0.5824,        -1.2895,         0.0000,         0.0000,     1
   57.000000,  -119.000000,         0.6250,         0.5465,         1.1436,         0.0000,         0.0000,     1
   33.000000,  -117.000000,       -10.8830,         2.0278,        -5.3669,        -1.0000,       -10.8830,     1
   51.000000,  -117.000000,         1.7277,         0.5148,         3.3564,         1.0000,         1.7277,     4
   53.000000,  -117.000000,        -1.9300,         0.6822,        -2.8291,        -1.0000,        -1.9300,     1
   51.000000,  -115.000000,        -1.2800,         0.6225,        -2.0562,        -1.0000,        -1.2800,     1
   53.000000,  -115.000000,        -8.2440,         2.6321,        -3.1321,        -1.0000,        -8.2440,     1
   59.000000,  -115.000000,        -2.5390,         1.1161,        -2.2749,        -1.0000,        -2.5390,     1
   37.000000,  -113.000000,        -3.5110,         0.7329,        -4.7906,        -1.0000,        -3.5110,     1
   47.000000,  -113.000000,         0.2100,         0.8417,         0.2495,         0.0000,         0.0000,     1
   55.000000,  -113.000000,        -1.2850,         0.6199,        -2.0731,        -1.0000,        -1.2850,     2
   57.000000,  -113.000000,        -0.4380,         0.6955,        -0.6298,         0.0000,         0.0000,     1
   35.000000,  -111.000000,         4.2210,         1.2212,         3.4564,         1.0000,         4.2210,     1
   37.000000,  -111.000000,        -2.0980,         1.0080,        -2.0813,        -1.0000,        -2.0980,     1
   39.000000,  -111.000000,         0.0950,         0.6187,         0.1535,         0.0000,         0.0000,     1
   43.000000,  -111.000000,        -0.1563,         0.4134,        -0.3781,         0.0000,         0.0000,     3
   45.000000,  -111.000000,        -0.0873,         0.2799,        -0.3120,         0.0000,         0.0000,     6
   47.000000,  -111.000000,        -0.3310,         0.2646,        -1.2509,         0.0000,         0.0000,     1
   63.000000,  -111.000000,         4.3630,         1.1940,         3.6541,         1.0000,         4.3630,     1
   65.000000,  -111.000000,        -0.9670,         1.1363,        -0.8510,         0.0000,         0.0000,     2
   29.000000,  -109.000000,        -2.3000,         0.9277,        -2.4791,        -1.0000,        -2.3000,     3
   37.000000,  -109.000000,         0.5500,         0.6089,         0.9033,         0.0000,         0.0000,     1
   37.000000,  -107.000000,        -0.2215,         0.4373,        -0.5065,         0.0000,         0.0000,     2
   41.000000,  -107.000000,        -1.0270,         0.6716,        -1.5292,         0.0000,         0.0000,     1
   45.000000,  -107.000000,         0.1950,         0.7529,         0.2590,         0.0000,         0.0000,     1
   51.000000,  -107.000000,        -0.1900,         0.3836,        -0.4953,         0.0000,         0.0000,     1
   37.000000,  -105.000000,        -0.0730,         0.4547,        -0.1605,         0.0000,         0.0000,     1
   39.000000,  -105.000000,         1.1800,         0.7367,         1.6017,         0.0000,         0.0000,     1
   41.000000,  -105.000000,         0.0770,         0.7608,         0.1012,         0.0000,         0.0000,     1
   55.000000,  -105.000000,        -0.3760,         0.1296,        -2.9012,        -1.0000,        -0.3760,     1
   41.000000,  -103.000000,        -1.9010,         1.6150,        -1.1771,         0.0000,         0.0000,     1
   49.000000,  -101.000000,        -0.2410,         0.3432,        -0.7022,         0.0000,         0.0000,     1
   57.000000,  -101.000000,        -3.5470,         0.9476,        -3.7431,        -1.0000,        -3.5470,     1
   61.000000,  -101.000000,         5.4690,         1.4000,         3.9064,         1.0000,         5.4690,     1
   63.000000,  -101.000000,         4.8070,         2.2066,         2.1785,         1.0000,         4.8070,     1
   39.000000,   -99.000000,        -2.5040,         1.2548,        -1.9955,         0.0000,         0.0000,     1
   47.000000,   -99.000000,        -1.4150,         0.2230,        -6.3443,        -1.0000,        -1.4150,     2
   49.000000,   -99.000000,        -1.3490,         0.1903,        -7.0874,        -1.0000,        -1.3490,     2
   51.000000,   -99.000000,         1.2380,         0.1353,         9.1500,         1.0000,         1.2380,     1
   53.000000,   -99.000000,         0.9270,         0.2332,         3.9751,         1.0000,         0.9270,     1
   45.000000,   -97.000000,        -0.9085,         0.2328,        -3.9024,        -1.0000,        -0.9085,     2
   47.000000,   -97.000000,        -0.6875,         0.2222,        -3.0934,        -1.0000,        -0.6875,     2
   43.000000,   -95.000000,        -1.9550,         0.4464,        -4.3795,        -1.0000,        -1.9550,     1
   47.000000,   -95.000000,         0.3464,         0.1222,         2.8340,         1.0000,         0.3464,    12
   51.000000,   -95.000000,         0.0230,         0.2411,         0.0954,         0.0000,         0.0000,     1
   73.000000,   -95.000000,         0.7590,         0.1433,         5.2978,         1.0000,         0.7590,     2
   43.000000,   -93.000000,         0.4988,         0.5627,         0.8864,         0.0000,         0.0000,     5
   45.000000,   -93.000000,        -0.3771,         0.1256,        -3.0032,        -1.0000,        -0.3771,    11
   47.000000,   -93.000000,         0.6536,         0.1438,         4.5458,         1.0000,         0.6536,     7
   49.000000,   -93.000000,         1.0725,         0.3018,         3.5542,         1.0000,         1.0725,     2
   37.000000,   -91.000000,        -0.1780,         0.9494,        -0.1875,         0.0000,         0.0000,     1
   43.000000,   -91.000000,        -2.8500,         0.6592,        -4.3234,        -1.0000,        -2.8500,     1
   45.000000,   -91.000000,         0.5803,         0.1127,         5.1478,         1.0000,         0.5803,     3
   49.000000,   -91.000000,         1.8317,         0.2071,         8.8426,         1.0000,         1.8317,     3
   51.000000,   -91.000000,        -2.1300,         0.8720,        -2.4427,        -1.0000,        -2.1300,     1
   37.000000,   -89.000000,         2.7830,         1.4306,         1.9453,         0.0000,         0.0000,     1
   41.000000,   -89.000000,        -0.1530,         0.6312,        -0.2424,         0.0000,         0.0000,     1
   43.000000,   -89.000000,        -0.0183,         0.1048,        -0.1745,         0.0000,         0.0000,     7
   47.000000,   -89.000000,         1.1765,         0.1803,         6.5238,         1.0000,         1.1765,     2
   49.000000,   -89.000000,         0.9197,         0.2056,         4.4730,         1.0000,         0.9197,     3
   31.000000,   -87.000000,         1.3750,         0.7401,         1.8579,         0.0000,         0.0000,     1
   41.000000,   -87.000000,        -0.0643,         0.2658,        -0.2421,         0.0000,         0.0000,     3
   45.000000,   -87.000000,         0.2470,         0.1558,         1.5856,         0.0000,         0.0000,     3
   47.000000,   -87.000000,         1.1125,         0.2015,         5.5200,         1.0000,         1.1125,     2
   31.000000,   -85.000000,        -1.1400,         0.8920,        -1.2780,         0.0000,         0.0000,     1
   37.000000,   -85.000000,        -0.9390,         0.8784,        -1.0690,         0.0000,         0.0000,     1
   41.000000,   -85.000000,        -0.4320,         0.1341,        -3.2206,        -1.0000,        -0.4320,     2
   43.000000,   -85.000000,         0.7240,         0.1616,         4.4790,         1.0000,         0.7240,     2
   45.000000,   -85.000000,        -0.6500,         0.1419,        -4.5818,        -1.0000,        -0.6500,     3
   47.000000,   -85.000000,         0.3112,         0.1108,         2.8096,         1.0000,         0.3112,     5
   49.000000,   -85.000000,         0.4670,         0.3912,         1.1938,         0.0000,         0.0000,     1
   53.000000,   -85.000000,        -1.3940,         1.3603,        -1.0248,         0.0000,         0.0000,     1
   55.000000,   -85.000000,        -0.9570,         0.9778,        -0.9787,         0.0000,         0.0000,     1
   31.000000,   -83.000000,        -1.6580,         0.3825,        -4.3348,        -1.0000,        -1.6580,     3
   41.000000,   -83.000000,        -0.2130,         0.1386,        -1.5367,         0.0000,         0.0000,     3
   43.000000,   -83.000000,         0.8210,         0.4914,         1.6707,         0.0000,         0.0000,     1
   27.000000,   -81.000000,        -1.1280,         0.3253,        -3.4679,        -1.0000,        -1.1280,     3
   29.000000,   -81.000000,         2.5390,         0.0435,        58.3678,         1.0000,         2.5390,     1
   41.000000,   -81.000000,        -0.5905,         0.2512,        -2.3509,        -1.0000,        -0.5905,     2
   43.000000,   -81.000000,         0.0103,         0.1962,         0.0527,         0.0000,         0.0000,     3
   45.000000,   -81.000000,         0.1850,         0.1764,         1.0489,         0.0000,         0.0000,     4
   47.000000,   -81.000000,         1.0244,         0.1478,         6.9326,         1.0000,         1.0244,     5
   49.000000,   -81.000000,         1.5100,         0.2130,         7.0881,         1.0000,         1.5100,     2
   33.000000,   -79.000000,         0.6170,         0.9045,         0.6821,         0.0000,         0.0000,     1
   39.000000,   -79.000000,        -0.9690,         0.6603,        -1.4675,         0.0000,         0.0000,     1
   43.000000,   -79.000000,        -0.4380,         0.1630,        -2.6871,        -1.0000,        -0.4380,     4
   45.000000,   -79.000000,         0.0033,         0.0982,         0.0335,         0.0000,         0.0000,     7
   47.000000,   -79.000000,         0.1577,         0.2970,         0.5312,         0.0000,         0.0000,     4
   49.000000,   -79.000000,         2.4260,         0.2291,        10.5886,         1.0000,         2.4260,     2
   -5.000000,   -77.000000,        -1.0000,         2.0000,        -0.5000,         0.0000,         0.0000,     1
   37.000000,   -77.000000,        -3.7880,         0.9816,        -3.8590,        -1.0000,        -3.7880,     1
   41.000000,   -77.000000,        -0.4830,         0.3594,        -1.3439,         0.0000,         0.0000,     1
   43.000000,   -77.000000,         0.3930,         0.4339,         0.9057,         0.0000,         0.0000,     1
   45.000000,   -77.000000,         0.0348,         0.1069,         0.3250,         0.0000,         0.0000,     8
   53.000000,   -77.000000,        -0.0490,         1.1195,        -0.0438,         0.0000,         0.0000,     1
   55.000000,   -77.000000,        -1.4453,         0.4407,        -3.2796,        -1.0000,        -1.4453,     3
   57.000000,   -77.000000,        -0.3500,         0.1281,        -2.7322,        -1.0000,        -0.3500,     1
   41.000000,   -75.000000,         0.8637,         0.1427,         6.0535,         1.0000,         0.8637,     6
   43.000000,   -75.000000,         0.7005,         0.2096,         3.3423,         1.0000,         0.7005,     2
   45.000000,   -75.000000,         1.1287,         0.1400,         8.0652,         1.0000,         1.1287,     4
   47.000000,   -75.000000,         0.9715,         0.1213,         8.0080,         1.0000,         0.9715,     2
   49.000000,   -75.000000,        -0.3060,         0.9755,        -0.3137,         0.0000,         0.0000,     1
   57.000000,   -75.000000,        -0.0060,         0.1536,        -0.0391,         0.0000,         0.0000,     3
   59.000000,   -75.000000,        -1.4088,         0.4223,        -3.3361,        -1.0000,        -1.4088,     4
   41.000000,   -73.000000,         0.3460,         0.2586,         1.3381,         0.0000,         0.0000,     2
   43.000000,   -73.000000,         0.5202,         0.2195,         2.3700,         1.0000,         0.5202,     4
   45.000000,   -73.000000,         0.5239,         0.0979,         5.3488,         1.0000,         0.5239,     9
   47.000000,   -73.000000,         1.9152,         0.1251,        15.3147,         1.0000,         1.9152,     5
   49.000000,   -73.000000,         2.1300,         0.3288,         6.4781,         1.0000,         2.1300,     1
   59.000000,   -73.000000,        -3.3640,         0.1115,       -30.1704,        -1.0000,        -3.3640,     1
   41.000000,   -71.000000,        -1.0875,         0.3255,        -3.3406,        -1.0000,        -1.0875,     4
   43.000000,   -71.000000,        -0.4080,         0.1058,        -3.8563,        -1.0000,        -0.4080,     1
   45.000000,   -71.000000,         1.0954,         0.1210,         9.0500,         1.0000,         1.0954,     8
   47.000000,   -71.000000,         2.1076,         0.1156,        18.2325,         1.0000,         2.1076,    10
   49.000000,   -71.000000,         1.7930,         0.2619,         6.8461,         1.0000,         1.7930,     1
   55.000000,   -71.000000,        -3.1420,         0.5741,        -5.4729,        -1.0000,        -3.1420,     1
   41.000000,   -69.000000,         0.2750,         0.7336,         0.3749,         0.0000,         0.0000,     1
   43.000000,   -69.000000,        -0.9500,         0.1283,        -7.4037,        -1.0000,        -0.9500,     2
   45.000000,   -69.000000,        -0.1193,         0.2051,        -0.5817,         0.0000,         0.0000,     3
   47.000000,   -69.000000,         1.2745,         0.2024,         6.2984,         1.0000,         1.2745,     4
   55.000000,   -69.000000,        -0.8390,         0.8379,        -1.0014,         0.0000,         0.0000,     2
   61.000000,   -69.000000,        -1.6495,         0.3957,        -4.1683,        -1.0000,        -1.6495,     2
   71.000000,   -69.000000,         7.6210,         2.5652,         2.9709,         1.0000,         7.6210,     1
   45.000000,   -67.000000,        -0.8625,         0.1425,        -6.0531,        -1.0000,        -0.8625,     2
   49.000000,   -67.000000,         1.5120,         0.3859,         3.9181,         1.0000,         1.5120,     1
   51.000000,   -67.000000,         4.2095,         0.5836,         7.2131,         1.0000,         4.2095,     2
   53.000000,   -67.000000,         3.6390,         1.3467,         2.7022,         1.0000,         3.6390,     1
   55.000000,   -67.000000,        -1.1430,         0.7491,        -1.5259,         0.0000,         0.0000,     3
   67.000000,   -67.000000,         0.2280,         0.4528,         0.5035,         0.0000,         0.0000,     1
   45.000000,   -65.000000,         8.9060,         0.1909,        46.6527,         1.0000,         8.9060,     1
   47.000000,   -65.000000,         3.5330,         0.3398,        10.3973,         1.0000,         3.5330,     1
   49.000000,   -65.000000,         0.2037,         0.1720,         1.1848,         0.0000,         0.0000,     4
   57.000000,   -65.000000,        -3.5973,         0.3132,       -11.4872,        -1.0000,        -3.5973,     3
   45.000000,   -63.000000,        -1.4640,         0.2253,        -6.4980,        -1.0000,        -1.4640,     1
   47.000000,   -63.000000,         0.9345,         0.2090,         4.4712,         1.0000,         0.9345,     2
   53.000000,   -63.000000,        -5.6730,         0.7506,        -7.5580,        -1.0000,        -5.6730,     1
   55.000000,   -63.000000,         2.2627,         0.7296,         3.1013,         1.0000,         2.2627,     3
   57.000000,   -63.000000,        -1.3045,         0.3476,        -3.7529,        -1.0000,        -1.3045,     2
   59.000000,   -63.000000,         0.0970,         0.5908,         0.1642,         0.0000,         0.0000,     1
  -15.000000,   -61.000000,        -2.0000,         1.6069,        -1.2446,         0.0000,         0.0000,     1
  -13.000000,   -61.000000,        -2.1000,         1.6069,        -1.3069,         0.0000,         0.0000,     1
   47.000000,   -61.000000,         0.0630,         0.3239,         0.1945,         0.0000,         0.0000,     1
   53.000000,   -61.000000,        -1.2340,         0.5590,        -2.2075,        -1.0000,        -1.2340,     1
   55.000000,   -61.000000,        -7.4090,         0.1153,       -64.2585,        -1.0000,        -7.4090,     1
   57.000000,   -61.000000,        -1.8900,         1.2575,        -1.5030,         0.0000,         0.0000,     1
   49.000000,   -59.000000,         3.9735,         0.3954,        10.0482,         1.0000,         3.9735,     2
   53.000000,   -59.000000,         2.4467,         0.1957,        12.4995,         1.0000,         2.4467,     3
   49.000000,   -57.000000,         0.8870,         2.3165,         0.3829,         0.0000,         0.0000,     1
   51.000000,   -57.000000,         2.9600,         0.4747,         6.2355,         1.0000,         2.9600,     1
   53.000000,   -57.000000,        -2.3620,         0.5761,        -4.0999,        -1.0000,        -2.3620,     2
   49.000000,   -55.000000,         0.6205,         0.4249,         1.4605,         0.0000,         0.0000,     2
   47.000000,   -53.000000,         0.3720,         0.8112,         0.4586,         0.0000,         0.0000,     3
   59.000000,   -45.000000,        -1.9650,         0.8469,        -2.3202,        -1.0000,        -1.9650,     2
   61.000000,   -45.000000,         2.7000,         1.1990,         2.2519,         1.0000,         2.7000,     1
   65.000000,   -37.000000,        -4.0000,         0.6378,        -6.2716,        -1.0000,        -4.0000,     1
   71.000000,   -27.000000,        -0.5000,         1.1735,        -0.4261,         0.0000,         0.0000,     1
   71.000000,   -25.000000,         0.3915,         0.9949,         0.3935,         0.0000,         0.0000,     2
   71.000000,   -23.000000,        -0.3375,         1.0101,        -0.3341,         0.0000,         0.0000,     2
   65.000000,   -21.000000,        -0.0903,         0.6959,        -0.1297,         0.0000,         0.0000,     4
   65.000000,   -19.000000,        -2.8240,         0.9800,        -2.8815,        -1.0000,        -2.8240,     2
   15.000000,   -17.000000,        -0.2000,         1.4031,        -0.1425,         0.0000,         0.0000,     1
   21.000000,   -17.000000,        -4.5000,         1.6069,        -2.8004,        -1.0000,        -4.5000,     1
   29.000000,   -11.000000,         1.9000,         1.4286,         1.3300,         0.0000,         0.0000,     1
   53.000000,   -11.000000,        -1.8960,         1.1362,        -1.6686,         0.0000,         0.0000,     2
   53.000000,    -9.000000,        -0.9077,         0.5902,        -1.5378,         0.0000,         0.0000,     6
   55.000000,    -9.000000,        -2.0800,         1.6069,        -1.2944,         0.0000,         0.0000,     1
   37.000000,    -7.000000,        -1.7133,         0.9277,        -1.8468,         0.0000,         0.0000,     3
   41.000000,    -7.000000,         1.4300,         1.1362,         1.2585,         0.0000,         0.0000,     2
   43.000000,    -7.000000,         1.1196,         0.5118,         2.1876,         1.0000,         1.1196,     9
   53.000000,    -7.000000,         0.5511,         0.4872,         1.1312,         0.0000,         0.0000,     9
   55.000000,    -7.000000,         0.7421,         0.5364,         1.3835,         0.0000,         0.0000,     8
   57.000000,    -7.000000,        -0.7800,         1.6069,        -0.4854,         0.0000,         0.0000,     1
   59.000000,    -7.000000,        -0.4933,         0.8139,        -0.6062,         0.0000,         0.0000,     3
   63.000000,    -7.000000,         0.7812,         0.5711,         1.3678,         0.0000,         0.0000,     6
   33.000000,    -5.000000,         1.0200,         1.1362,         0.8977,         0.0000,         0.0000,     2
   43.000000,    -5.000000,         2.4695,         0.7725,         3.1968,         1.0000,         2.4695,     4
   45.000000,    -5.000000,        -2.4855,         1.0836,        -2.2938,        -1.0000,        -2.4855,     2
   51.000000,    -5.000000,         1.0567,         0.8565,         1.2337,         0.0000,         0.0000,     3
   53.000000,    -5.000000,         2.0170,         0.9874,         2.0427,         1.0000,         2.0170,     2
   55.000000,    -5.000000,         1.0920,         0.4952,         2.2052,         1.0000,         1.0920,     9
   57.000000,    -5.000000,         0.2913,         0.4471,         0.6517,         0.0000,         0.0000,    12
   59.000000,    -5.000000,        -0.3097,         0.6171,        -0.5018,         0.0000,         0.0000,     6
   23.000000,    -3.000000,        -1.4000,         0.5867,        -2.3862,        -1.0000,        -1.4000,     1
   31.000000,    -3.000000,         2.4000,         1.8622,         1.2888,         0.0000,         0.0000,     1
   37.000000,    -3.000000,        -5.0990,         0.6954,        -7.3329,        -1.0000,        -5.0990,     5
   41.000000,    -3.000000,        -2.9700,         1.6069,        -1.8483,         0.0000,         0.0000,     1
   43.000000,    -3.000000,         0.7589,         0.5106,         1.4862,         0.0000,         0.0000,    10
   47.000000,    -3.000000,        -0.9915,         1.1008,        -0.9007,         0.0000,         0.0000,     2
   49.000000,    -3.000000,         0.0623,         0.9428,         0.0661,         0.0000,         0.0000,     3
   51.000000,    -3.000000,         1.5165,         0.6800,         2.2302,         1.0000,         1.5165,     4
   53.000000,    -3.000000,         1.4627,         0.5422,         2.6976,         1.0000,         1.4627,     7
   55.000000,    -3.000000,         2.1677,         0.5144,         4.2140,         1.0000,         2.1677,     8
   57.000000,    -3.000000,         0.5522,         0.5079,         1.0872,         0.0000,         0.0000,     9
   59.000000,    -3.000000,         1.4955,         0.7305,         2.0472,         1.0000,         1.4955,     4
    7.000000,    -1.000000,        -0.3000,         2.3214,        -0.1292,         0.0000,         0.0000,     1
   37.000000,    -1.000000,        -5.0100,         1.6069,        -3.1178,        -1.0000,        -5.0100,     1
   39.000000,    -1.000000,        -3.4833,         0.8993,        -3.8734,        -1.0000,        -3.4833,     3
   41.000000,    -1.000000,        -2.9450,         1.1362,        -2.5919,        -1.0000,        -2.9450,     2
   43.000000,    -1.000000,        -1.7371,         0.5101,        -3.4051,        -1.0000,        -1.7371,     9
   45.000000,    -1.000000,        -2.7900,         1.1362,        -2.4554,        -1.0000,        -2.7900,     2
   47.000000,    -1.000000,        -0.4017,         0.5196,        -0.7731,         0.0000,         0.0000,     6
   49.000000,    -1.000000,        -0.2375,         0.9657,        -0.2459,         0.0000,         0.0000,     2
   51.000000,    -1.000000,         1.4800,         1.6069,         0.9210,         0.0000,         0.0000,     1
   53.000000,    -1.000000,         1.4473,         0.7412,         1.9527,         0.0000,         0.0000,     4
   55.000000,    -1.000000,         1.8435,         0.9450,         1.9508,         0.0000,         0.0000,     2
   61.000000,    -1.000000,        -0.0067,         0.7803,        -0.0085,         0.0000,         0.0000,     3
   39.000000,     1.000000,        -4.3467,         0.9277,        -4.6852,        -1.0000,        -4.3467,     3
   41.000000,     1.000000,        -3.9415,         1.1730,        -3.3603,        -1.0000,        -3.9415,     2
   43.000000,     1.000000,         1.4335,         0.7821,         1.8328,         0.0000,         0.0000,     4
   45.000000,     1.000000,        -1.1347,         0.8487,        -1.3370,         0.0000,         0.0000,     3
   49.000000,     1.000000,         0.3380,         0.6767,         0.4995,         0.0000,         0.0000,     5
   51.000000,     1.000000,         0.5327,         0.6086,         0.8752,         0.0000,         0.0000,     7
   53.000000,     1.000000,         0.7950,         0.8108,         0.9805,         0.0000,         0.0000,     3
   39.000000,     3.000000,        -0.4700,         0.9277,        -0.5066,         0.0000,         0.0000,     3
   41.000000,     3.000000,        -6.3500,         1.6069,        -3.9517,        -1.0000,        -6.3500,     1
   43.000000,     3.000000,         1.1547,         0.6132,         1.8830,         0.0000,         0.0000,     6
   45.000000,     3.000000,         1.6438,         0.4010,         4.0991,         1.0000,         1.6438,    14
   49.000000,     3.000000,         0.8590,         0.6282,         1.3674,         0.0000,         0.0000,     6
   37.000000,     5.000000,         5.5000,         1.5561,         3.5345,         1.0000,         5.5000,     1
   39.000000,     5.000000,        -2.1267,         0.9277,        -2.2923,        -1.0000,        -2.1267,     3
   43.000000,     5.000000,        -2.7092,         0.7120,        -3.8053,        -1.0000,        -2.7092,     5
   45.000000,     5.000000,         0.1616,         0.3828,         0.4223,         0.0000,         0.0000,    17
   47.000000,     5.000000,         4.1000,         0.9814,         4.1777,         1.0000,         4.1000,     2
   49.000000,     5.000000,         1.2730,         0.7387,         1.7233,         0.0000,         0.0000,     4
   51.000000,     5.000000,         0.5512,         0.5049,         1.0918,         0.0000,         0.0000,     9
   53.000000,     5.000000,         0.8000,         0.7263,         1.1015,         0.0000,         0.0000,     4
   59.000000,     5.000000,         1.6567,         0.7891,         2.0994,         1.0000,         1.6567,     3
   61.000000,     5.000000,         2.9040,         0.6650,         4.3668,         1.0000,         2.9040,     4
   43.000000,     7.000000,        -4.7600,         1.6069,        -2.9622,        -1.0000,        -4.7600,     1
   45.000000,     7.000000,         2.3223,         0.3035,         7.6524,         1.0000,         2.3223,    26
   47.000000,     7.000000,         2.3400,         0.3999,         5.8516,         1.0000,         2.3400,    14
   49.000000,     7.000000,         3.2760,         0.8565,         3.8250,         1.0000,         3.2760,     3
   51.000000,     7.000000,         2.2300,         1.0836,         2.0580,         1.0000,         2.2300,     2
   53.000000,     7.000000,         0.6308,         0.7034,         0.8968,         0.0000,         0.0000,     5
   59.000000,     7.000000,         1.8880,         1.1362,         1.6616,         0.0000,         0.0000,     2
   63.000000,     7.000000,         1.5990,         0.8598,         1.8598,         0.0000,         0.0000,     2
    5.000000,     9.000000,         0.3000,         2.1939,         0.1367,         0.0000,         0.0000,     1
   43.000000,     9.000000,        -0.4148,         0.8165,        -0.5079,         0.0000,         0.0000,     4
   45.000000,     9.000000,        -0.5488,         0.7014,        -0.7825,         0.0000,         0.0000,     5
   47.000000,     9.000000,         2.4689,         0.3507,         7.0398,         1.0000,         2.4689,    17
   49.000000,     9.000000,         1.8105,         0.9728,         1.8611,         0.0000,         0.0000,     2
   51.000000,     9.000000,         0.8000,         0.4592,         1.7422,         0.0000,         0.0000,     1
   53.000000,     9.000000,        -0.2497,         0.5915,        -0.4222,         0.0000,         0.0000,     7
   55.000000,     9.000000,         2.1280,         0.7470,         2.8486,         1.0000,         2.1280,     4
   57.000000,     9.000000,         0.5546,         0.6954,         0.7976,         0.0000,         0.0000,     5
   59.000000,     9.000000,         2.1235,         0.9874,         2.1505,         1.0000,         2.1235,     2
   61.000000,     9.000000,         4.6705,         0.5923,         7.8856,         1.0000,         4.6705,     4
   63.000000,     9.000000,        -0.0765,         1.1362,        -0.0673,         0.0000,         0.0000,     2
   -5.000000,    11.000000,        -4.6000,         1.6069,        -2.8627,        -1.0000,        -4.6000,     1
    3.000000,    11.000000,        -0.6000,         2.0408,        -0.2940,         0.0000,         0.0000,     1
   13.000000,    11.000000,        -0.1000,         0.8977,        -0.1114,         0.0000,         0.0000,     3
   25.000000,    11.000000,         5.3500,         0.8167,         6.5506,         1.0000,         5.3500,     2
   45.000000,    11.000000,         1.0964,         0.6915,         1.5855,         0.0000,         0.0000,     5
   47.000000,    11.000000,         0.5383,         0.9039,         0.5956,         0.0000,         0.0000,     3
   49.000000,    11.000000,         1.5105,         1.0500,         1.4386,         0.0000,         0.0000,     2
   51.000000,    11.000000,         1.3897,         0.6437,         2.1588,         1.0000,         1.3897,     6
   53.000000,    11.000000,         1.4447,         0.6380,         2.2644,         1.0000,         1.4447,     6
   55.000000,    11.000000,         1.9612,         0.7157,         2.7404,         1.0000,         1.9612,     4
   59.000000,    11.000000,         3.3255,         0.4952,         6.7155,         1.0000,         3.3255,     7
   63.000000,    11.000000,         2.7508,         0.7764,         3.5431,         1.0000,         2.7508,     4
   65.000000,    11.000000,         1.8347,         0.7052,         2.6017,         1.0000,         1.8347,     4
   -5.000000,    13.000000,        -3.0000,         1.5306,        -1.9600,         0.0000,         0.0000,     1
   13.000000,    13.000000,         2.1000,         1.8112,         1.1595,         0.0000,         0.0000,     1
   19.000000,    13.000000,         2.1333,         0.5824,         3.6629,         1.0000,         2.1333,     3
   43.000000,    13.000000,        -0.8434,         0.5579,        -1.5117,         0.0000,         0.0000,     9
   45.000000,    13.000000,        -0.8855,         1.0418,        -0.8499,         0.0000,         0.0000,     2
   47.000000,    13.000000,         2.0241,         0.3871,         5.2284,         1.0000,         2.0241,    16
   49.000000,    13.000000,        -0.2720,         1.0922,        -0.2490,         0.0000,         0.0000,     2
   55.000000,    13.000000,         1.6664,         0.5036,         3.3088,         1.0000,         1.6664,     9
   57.000000,    13.000000,         2.0885,         0.7662,         2.7258,         1.0000,         2.0885,     4
   59.000000,    13.000000,         3.1745,         0.5410,         5.8680,         1.0000,         3.1745,     7
   61.000000,    13.000000,         3.2575,         0.9450,         3.4472,         1.0000,         3.2575,     2
   63.000000,    13.000000,         1.6620,         0.6838,         2.4306,         1.0000,         1.6620,     5
   67.000000,    13.000000,         0.4000,         1.8000,         0.2222,         0.0000,         0.0000,     1
   69.000000,    13.000000,        -0.6580,         0.8304,        -0.7924,         0.0000,         0.0000,     3
   -5.000000,    15.000000,        -1.3000,         2.2449,        -0.5791,         0.0000,         0.0000,     1
   -3.000000,    15.000000,         0.0000,         1.9898,         0.0000,         0.0000,         0.0000,     1
   41.000000,    15.000000,        -0.9167,         0.9181,        -0.9985,         0.0000,         0.0000,     3
   45.000000,    15.000000,         0.6715,         1.0179,         0.6597,         0.0000,         0.0000,     2
   47.000000,    15.000000,         0.2000,         1.0204,         0.1960,         0.0000,         0.0000,     1
   49.000000,    15.000000,        -0.1392,         0.3459,        -0.4025,         0.0000,         0.0000,    20
   53.000000,    15.000000,         0.0933,         0.9277,         0.1006,         0.0000,         0.0000,     3
   55.000000,    15.000000,        -1.3567,         0.7821,        -1.7347,         0.0000,         0.0000,     4
   57.000000,    15.000000,         1.2683,         0.4273,         2.9679,         1.0000,         1.2683,    13
   59.000000,    15.000000,         2.6727,         0.5419,         4.9317,         1.0000,         2.6727,     7
   61.000000,    15.000000,         5.2821,         0.4847,        10.8977,         1.0000,         5.2821,     1
   63.000000,    15.000000,         1.3186,         0.4510,         2.9235,         1.0000,         1.3186,    10
   65.000000,    15.000000,         1.8975,         1.0500,         1.8071,         0.0000,         0.0000,     2
   79.000000,    15.000000,         0.1940,         1.6069,         0.1207,         0.0000,         0.0000,     1
  -23.000000,    17.000000,        -1.3000,         1.4031,        -0.9265,         0.0000,         0.0000,     1
   21.000000,    17.000000,        -6.1000,         1.2245,        -4.9816,        -1.0000,        -6.1000,     1
   23.000000,    17.000000,         4.2000,         1.2245,         3.4300,         1.0000,         4.2000,     1
   43.000000,    17.000000,        -1.0616,         0.7018,        -1.5127,         0.0000,         0.0000,     5
   47.000000,    17.000000,        -2.1870,         1.0179,        -2.1485,        -1.0000,        -2.1870,     2
   49.000000,    17.000000,        -1.8744,         0.6825,        -2.7462,        -1.0000,        -1.8744,     5
   51.000000,    17.000000,         2.1367,         0.9277,         2.3031,         1.0000,         2.1367,     3
   53.000000,    17.000000,         0.5084,         0.4336,         1.1726,         0.0000,         0.0000,    12
   55.000000,    17.000000,         0.7087,         0.6387,         1.1095,         0.0000,         0.0000,     6
   57.000000,    17.000000,         1.6140,         1.1730,         1.3760,         0.0000,         0.0000,     2
   59.000000,    17.000000,         1.2133,         0.9582,         1.2663,         0.0000,         0.0000,     3
   61.000000,    17.000000,         6.4535,         0.4847,        13.3144,         1.0000,         6.4535,     1
   63.000000,    17.000000,         0.6895,         0.7943,         0.8680,         0.0000,         0.0000,     4
   69.000000,    17.000000,        -1.4407,         0.8771,        -1.6424,         0.0000,         0.0000,     3
  -35.000000,    19.000000,         6.9000,         0.8673,         7.9557,         1.0000,         6.9000,     1
  -33.000000,    19.000000,         7.5000,         0.8163,         9.1878,         1.0000,         7.5000,     1
   23.000000,    19.000000,         5.1000,         0.7143,         7.1399,         1.0000,         5.1000,     1
   47.000000,    19.000000,        -2.2463,         0.7972,        -2.8178,        -1.0000,        -2.2463,     4
   49.000000,    19.000000,        -0.3988,         0.4938,        -0.8076,         0.0000,         0.0000,    10
   51.000000,    19.000000,        -0.2975,         0.7146,        -0.4163,         0.0000,         0.0000,     4
   53.000000,    19.000000,        -0.1878,         0.6520,        -0.2880,         0.0000,         0.0000,     5
   55.000000,    19.000000,         0.4805,         0.7681,         0.6256,         0.0000,         0.0000,     4
   57.000000,    19.000000,         2.4150,         1.1823,         2.0426,         1.0000,         2.4150,     2
   63.000000,    19.000000,         1.2887,         0.7218,         1.7854,         0.0000,         0.0000,     4
   65.000000,    19.000000,         0.2300,         1.6069,         0.1431,         0.0000,         0.0000,     1
   69.000000,    19.000000,         0.3385,         0.8394,         0.4032,         0.0000,         0.0000,     4
   75.000000,    19.000000,         5.4730,         1.6069,         3.4059,         1.0000,         5.4730,     1
   81.000000,    19.000000,         3.8090,         1.6069,         2.3704,         1.0000,         3.8090,     1
   39.000000,    21.000000,        -0.8213,         0.5562,        -1.4766,         0.0000,         0.0000,     8
   41.000000,    21.000000,        -2.0370,         0.5686,        -3.5825,        -1.0000,        -2.0370,     8
   45.000000,    21.000000,        -0.3280,         0.9518,        -0.3446,         0.0000,         0.0000,     2
   49.000000,    21.000000,         1.5727,         0.4543,         3.4617,         1.0000,         1.5727,    11
   51.000000,    21.000000,        -0.4934,         0.5329,        -0.9260,         0.0000,         0.0000,     9
   53.000000,    21.000000,         0.9089,         0.5214,         1.7433,         0.0000,         0.0000,     9
   55.000000,    21.000000,        -2.6500,         1.6069,        -1.6491,         0.0000,         0.0000,     1
   57.000000,    21.000000,        -0.3680,         1.0666,        -0.3450,         0.0000,         0.0000,     2
   63.000000,    21.000000,         0.9500,         1.6069,         0.5912,         0.0000,         0.0000,     1
   67.000000,    21.000000,         0.5820,         0.9181,         0.6339,         0.0000,         0.0000,     3
   69.000000,    21.000000,         1.4698,         0.6560,         2.2406,         1.0000,         1.4698,     6
  -33.000000,    23.000000,         6.8000,         1.4031,         4.8464,         1.0000,         6.8000,     1
   37.000000,    23.000000,        -4.8000,         1.6069,        -2.9871,        -1.0000,        -4.8000,     1
   39.000000,    23.000000,        -4.1292,         0.6472,        -6.3801,        -1.0000,        -4.1292,     6
   41.000000,    23.000000,         5.9300,         0.9277,         6.3918,         1.0000,         5.9300,     3
   43.000000,    23.000000,         1.8638,         0.6192,         3.0102,         1.0000,         1.8638,     6
   45.000000,    23.000000,         2.2690,         0.8947,         2.5359,         1.0000,         2.2690,     3
   47.000000,    23.000000,        -2.3725,         0.9318,        -2.5461,        -1.0000,        -2.3725,     2
   49.000000,    23.000000,        -0.1603,         0.6042,        -0.2654,         0.0000,         0.0000,     6
   51.000000,    23.000000,         0.6931,         0.5442,         1.2736,         0.0000,         0.0000,     7
   53.000000,    23.000000,         1.4645,         1.1454,         1.2786,         0.0000,         0.0000,     2
   55.000000,    23.000000,         1.6880,         1.1184,         1.5093,         0.0000,         0.0000,     2
   59.000000,    23.000000,        -0.4426,         0.4988,        -0.8872,         0.0000,         0.0000,     9
   61.000000,    23.000000,         3.6273,         0.7365,         4.9248,         1.0000,         3.6273,     4
   63.000000,    23.000000,         1.0048,         0.6266,         1.6036,         0.0000,         0.0000,     6
   69.000000,    23.000000,         0.4938,         0.7507,         0.6578,         0.0000,         0.0000,     5
  -31.000000,    25.000000,        -0.4000,         1.5561,        -0.2571,         0.0000,         0.0000,     1
   35.000000,    25.000000,        -3.7900,         1.6069,        -2.3586,        -1.0000,        -3.7900,     1
   41.000000,    25.000000,        -0.6988,         0.7034,        -0.9935,         0.0000,         0.0000,     5
   43.000000,    25.000000,         1.6300,         0.7172,         2.2729,         1.0000,         1.6300,     3
   47.000000,    25.000000,        -0.4808,         0.6429,        -0.7479,         0.0000,         0.0000,     5
   49.000000,    25.000000,         0.2743,         0.6007,         0.4567,         0.0000,         0.0000,     6
   51.000000,    25.000000,        -0.0865,         0.3463,        -0.2498,         0.0000,         0.0000,    18
   53.000000,    25.000000,        -0.9650,         1.0101,        -0.9553,         0.0000,         0.0000,     2
   55.000000,    25.000000,         0.3715,         0.7941,         0.4678,         0.0000,         0.0000,     4
   59.000000,    25.000000,         1.1267,         0.2905,         3.8784,         1.0000,         1.1267,    24
   61.000000,    25.000000,         1.4124,         0.3435,         4.1118,         1.0000,         1.4124,    19
   67.000000,    25.000000,        -0.3055,         0.5532,        -0.5522,         0.0000,         0.0000,     8
  -11.000000,    27.000000,         2.8000,         0.9694,         2.8884,         1.0000,         2.8000,     1
   19.000000,    27.000000,         0.6500,         1.0981,         0.5919,         0.0000,         0.0000,     2
   43.000000,    27.000000,         0.2525,         0.6560,         0.3849,         0.0000,         0.0000,     6
   45.000000,    27.000000,         1.1453,         0.7143,         1.6032,         0.0000,         0.0000,     4
   51.000000,    27.000000,        -0.3300,         0.7254,        -0.4549,         0.0000,         0.0000,     4
   53.000000,    27.000000,        -1.1450,         0.6930,        -1.6523,         0.0000,         0.0000,     4
   55.000000,    27.000000,        -2.5275,         0.7551,        -3.3471,        -1.0000,        -2.5275,     4
   57.000000,    27.000000,         1.4676,         0.3711,         3.9552,         1.0000,         1.4676,    14
   59.000000,    27.000000,         1.5177,         0.2742,         5.5353,         1.0000,         1.5177,    27
   61.000000,    27.000000,         1.0980,         0.5814,         1.8886,         0.0000,         0.0000,     5
   63.000000,    27.000000,         0.5553,         0.4722,         1.1759,         0.0000,         0.0000,    10
   65.000000,    27.000000,         0.9284,         0.7587,         1.2237,         0.0000,         0.0000,     5
   69.000000,    27.000000,         0.0603,         0.6233,         0.0968,         0.0000,         0.0000,     6
   71.000000,    27.000000,         0.0407,         0.9277,         0.0438,         0.0000,         0.0000,     3
  -29.000000,    29.000000,         2.7000,         2.6276,         1.0276,         0.0000,         0.0000,     1
  -25.000000,    29.000000,         3.1000,         1.2115,         2.5589,         1.0000,         3.1000,     3
   -5.000000,    29.000000,        -1.9454,         0.5946,        -3.2717,        -1.0000,        -1.9454,     9
   -3.000000,    29.000000,        -2.0548,         0.2720,        -7.5543,        -1.0000,        -2.0548,    26
   -1.000000,    29.000000,        -0.7500,         0.8412,        -0.8916,         0.0000,         0.0000,     3
    1.000000,    29.000000,         4.9500,         0.7236,         6.8412,         1.0000,         4.9500,     2
   21.000000,    29.000000,         1.6000,         2.4235,         0.6602,         0.0000,         0.0000,     1
   37.000000,    29.000000,        -1.8617,         0.6560,        -2.8378,        -1.0000,        -1.8617,     6
   43.000000,    29.000000,        -0.4661,         0.5627,        -0.8284,         0.0000,         0.0000,     8
   49.000000,    29.000000,         0.3085,         1.2106,         0.2548,         0.0000,         0.0000,     2
   51.000000,    29.000000,        -0.8780,         0.6620,        -1.3263,         0.0000,         0.0000,     5
   53.000000,    29.000000,         0.7000,         0.7280,         0.9615,         0.0000,         0.0000,     3
   55.000000,    29.000000,        -0.0900,         0.6986,        -0.1288,         0.0000,         0.0000,     5
   57.000000,    29.000000,         0.8110,         0.7124,         1.1385,         0.0000,         0.0000,     3
   59.000000,    29.000000,         4.1000,         1.4796,         2.7710,         1.0000,         4.1000,     1
   61.000000,    29.000000,         0.7097,         0.5117,         1.3871,         0.0000,         0.0000,     8
   65.000000,    29.000000,        -0.0902,         0.6915,        -0.1304,         0.0000,         0.0000,     5
   67.000000,    29.000000,         1.5219,         0.5962,         2.5525,         1.0000,         1.5219,     7
   69.000000,    29.000000,         0.3765,         0.8337,         0.4516,         0.0000,         0.0000,     4
   71.000000,    29.000000,         0.2828,         0.6706,         0.4217,         0.0000,         0.0000,     6
  -23.000000,    31.000000,         4.6000,         1.4286,         3.2199,         1.0000,         4.6000,     1
   -9.000000,    31.000000,        -1.6907,         0.9351,        -1.8080,         0.0000,         0.0000,     3
   -3.000000,    31.000000,        -2.5292,         0.6577,        -3.8453,        -1.0000,        -2.5292,     6
    1.000000,    31.000000,        -4.7625,         1.0206,        -4.6663,        -1.0000,        -4.7625,     2
   37.000000,    31.000000,        -1.7603,         0.9277,        -1.8974,         0.0000,         0.0000,     3
   39.000000,    31.000000,        -0.2700,         1.1362,        -0.2376,         0.0000,         0.0000,     2
   41.000000,    31.000000,         1.2300,         1.6069,         0.7654,         0.0000,         0.0000,     1
   49.000000,    31.000000,         1.0308,         0.8267,         1.2468,         0.0000,         0.0000,     4
   55.000000,    31.000000,         0.1968,         0.6048,         0.3255,         0.0000,         0.0000,     6
   57.000000,    31.000000,         0.2050,         1.0583,         0.1937,         0.0000,         0.0000,     2
   59.000000,    31.000000,         1.6700,         0.5834,         2.8624,         1.0000,         1.6700,     5
   61.000000,    31.000000,         0.6862,         0.4389,         1.5634,         0.0000,         0.0000,    10
   63.000000,    31.000000,         1.2770,         0.9254,         1.3799,         0.0000,         0.0000,     2
   65.000000,    31.000000,         0.7005,         0.5361,         1.3066,         0.0000,         0.0000,     8
   67.000000,    31.000000,         0.6440,         0.7054,         0.9130,         0.0000,         0.0000,     5
   71.000000,    31.000000,         0.0630,         0.8337,         0.0756,         0.0000,         0.0000,     4
  -29.000000,    33.000000,         4.3000,         1.2755,         3.3712,         1.0000,         4.3000,     1
   -9.000000,    33.000000,        -2.5312,         1.0780,        -2.3480,        -1.0000,        -2.5312,     4
    1.000000,    33.000000,        -0.3000,         0.6888,        -0.4355,         0.0000,         0.0000,     1
   37.000000,    33.000000,         2.4800,         1.6069,         1.5433,         0.0000,         0.0000,     1
   41.000000,    33.000000,         0.0200,         1.6069,         0.0124,         0.0000,         0.0000,     1
   47.000000,    33.000000,        -2.9000,         1.1545,        -2.5118,        -1.0000,        -2.9000,     2
   57.000000,    33.000000,        -0.2200,         0.8814,        -0.2496,         0.0000,         0.0000,     3
   61.000000,    33.000000,         0.0504,         0.4874,         0.1035,         0.0000,         0.0000,     9
   63.000000,    33.000000,         0.8122,         0.4913,         1.6532,         0.0000,         0.0000,     9
   65.000000,    33.000000,         0.4563,         0.4494,         1.0154,         0.0000,         0.0000,     9
   67.000000,    33.000000,         1.2600,         1.6069,         0.7841,         0.0000,         0.0000,     1
   69.000000,    33.000000,         0.5600,         1.6069,         0.3485,         0.0000,         0.0000,     1
    1.000000,    35.000000,         6.1872,         0.3587,        17.2500,         1.0000,         6.1872,    12
   51.000000,    35.000000,         1.7250,         0.6829,         2.5261,         1.0000,         1.7250,     4
   53.000000,    35.000000,         2.0543,         0.9334,         2.2010,         1.0000,         2.0543,     3
   57.000000,    35.000000,         1.5703,         0.5199,         3.0206,         1.0000,         1.5703,     6
   61.000000,    35.000000,        -0.4981,         0.5612,        -0.8876,         0.0000,         0.0000,     7
   63.000000,    35.000000,         0.2900,         0.5104,         0.5682,         0.0000,         0.0000,     8
   65.000000,    35.000000,         0.1100,         1.6069,         0.0685,         0.0000,         0.0000,     1
   69.000000,    35.000000,        -0.0500,         1.2451,        -0.0402,         0.0000,         0.0000,     2
   -1.000000,    37.000000,         4.4260,         0.4138,        10.6963,         1.0000,         4.4260,     4
    1.000000,    37.000000,         1.3312,         0.6905,         1.9277,         0.0000,         0.0000,     6
   35.000000,    37.000000,        -3.6903,         0.9277,        -3.9777,        -1.0000,        -3.6903,     3
   41.000000,    37.000000,         1.0700,         1.6069,         0.6659,         0.0000,         0.0000,     1
   49.000000,    37.000000,         1.4000,         1.5561,         0.8997,         0.0000,         0.0000,     1
   57.000000,    37.000000,         2.2448,         0.6010,         3.7349,         1.0000,         2.2448,     5
   61.000000,    37.000000,        -0.7950,         1.0922,        -0.7279,         0.0000,         0.0000,     2
   63.000000,    37.000000,         0.7060,         0.6846,         1.0312,         0.0000,         0.0000,     5
   67.000000,    37.000000,        -1.7200,         1.6069,        -1.0704,         0.0000,         0.0000,     1
    7.000000,    39.000000,         5.3742,         0.5510,         9.7538,         1.0000,         5.3742,     8
   53.000000,    39.000000,        -1.7000,         0.9130,        -1.8620,         0.0000,         0.0000,     2
   57.000000,    39.000000,         1.7943,         0.3816,         4.7019,         1.0000,         1.7943,    12
   59.000000,    39.000000,        -3.0300,         1.6069,        -1.8856,         0.0000,         0.0000,     1
   61.000000,    39.000000,         0.1167,         0.8085,         0.1443,         0.0000,         0.0000,     3
   35.000000,    41.000000,        -2.2400,         1.6069,        -1.3940,         0.0000,         0.0000,     1
   43.000000,    41.000000,         2.4090,         0.4073,         5.9140,         1.0000,         2.4090,    10
   57.000000,    41.000000,         2.1480,         0.5138,         4.1804,         1.0000,         2.1480,     6
   39.000000,    43.000000,        -3.8900,         1.6069,        -2.4208,        -1.0000,        -3.8900,     1
   63.000000,    43.000000,        -0.0550,         0.7701,        -0.0714,         0.0000,         0.0000,     3
   65.000000,    43.000000,         4.3000,         1.0714,         4.0134,         1.0000,         4.3000,     1
   37.000000,    45.000000,         2.5100,         1.6069,         1.5620,         0.0000,         0.0000,     1
   41.000000,    45.000000,        -6.7000,         1.0459,        -6.4060,        -1.0000,        -6.7000,     1
  -19.000000,    47.000000,         4.6333,         0.6326,         7.3246,         1.0000,         4.6333,     3
   35.000000,    47.000000,        -2.9510,         0.8947,        -3.2981,        -1.0000,        -2.9510,     3
   41.000000,    47.000000,         2.3000,         0.5612,         4.0984,         1.0000,         2.3000,     1
   47.000000,    47.000000,        -1.7000,         0.9694,        -1.7537,         0.0000,         0.0000,     1
  -19.000000,    49.000000,         0.8000,         0.8673,         0.9224,         0.0000,         0.0000,     1
   49.000000,    49.000000,        -0.4450,         1.1362,        -0.3916,         0.0000,         0.0000,     2
   55.000000,    49.000000,         0.1293,         0.6298,         0.2054,         0.0000,         0.0000,     3
   67.000000,    53.000000,        -0.2927,         0.9209,        -0.3178,         0.0000,         0.0000,     3
   55.000000,    55.000000,        -0.2750,         1.1362,        -0.2420,         0.0000,         0.0000,     2
   57.000000,    57.000000,         0.1335,         0.5297,         0.2520,         0.0000,         0.0000,     6
   55.000000,    59.000000,         0.8882,         0.5744,         1.5463,         0.0000,         0.0000,     5
   47.000000,    61.000000,        -0.3073,         0.7045,        -0.4362,         0.0000,         0.0000,     3
   57.000000,    61.000000,         2.1940,         0.5451,         4.0249,         1.0000,         2.1940,     4
   55.000000,    63.000000,        -4.8000,         1.2755,        -3.7632,        -1.0000,        -4.8000,     1
   63.000000,    65.000000,        -1.5384,         0.7049,        -2.1824,        -1.0000,        -1.5384,     5
   65.000000,    65.000000,         2.8177,         0.6368,         4.4249,         1.0000,         2.8177,     3
   67.000000,    67.000000,         0.9000,         2.0918,         0.4303,         0.0000,         0.0000,     1
   69.000000,    67.000000,        -0.7000,         1.8878,        -0.3708,         0.0000,         0.0000,     1
   71.000000,    67.000000,         1.7000,         0.7908,         2.1497,         1.0000,         1.7000,     1
   59.000000,    69.000000,        -1.0202,         0.5716,        -1.7848,         0.0000,         0.0000,     6
   61.000000,    69.000000,         2.6000,         0.6122,         4.2470,         1.0000,         2.6000,     1
   67.000000,    69.000000,        -0.9683,         0.7282,        -1.3298,         0.0000,         0.0000,     3
   53.000000,    71.000000,         2.2000,         0.9980,         2.2044,         1.0000,         2.2000,     2
   67.000000,    71.000000,        -1.9000,         1.2993,        -1.4623,         0.0000,         0.0000,     2
   69.000000,    71.000000,         1.6750,         0.6832,         2.4517,         1.0000,         1.6750,     4
   61.000000,    73.000000,        -1.7214,         0.6871,        -2.5052,        -1.0000,        -1.7214,     5
   41.000000,    75.000000,         4.3500,         0.8389,         5.1856,         1.0000,         4.3500,     2
   49.000000,    75.000000,        -0.5000,         0.9071,        -0.5512,         0.0000,         0.0000,     2
   55.000000,    77.000000,         2.5500,         0.9588,         2.6597,         1.0000,         2.5500,     2
   59.000000,    77.000000,         0.3000,         0.9702,         0.3092,         0.0000,         0.0000,     2
   61.000000,    77.000000,        -1.3333,         0.5558,        -2.3988,        -1.0000,        -1.3333,     6
   33.000000,    79.000000,        -0.4000,         1.0204,        -0.3920,         0.0000,         0.0000,     1
   37.000000,    79.000000,        -1.0000,         1.9898,        -0.5026,         0.0000,         0.0000,     1
   57.000000,    79.000000,        -4.2500,         1.2383,        -3.4321,        -1.0000,        -4.2500,     2
   61.000000,    79.000000,        -1.9833,         0.6430,        -3.0845,        -1.0000,        -1.9833,     6
   65.000000,    79.000000,        -1.2000,         1.6611,        -0.7224,         0.0000,         0.0000,     2
   67.000000,    79.000000,         3.1500,         1.1613,         2.7124,         1.0000,         3.1500,     2
   33.000000,    81.000000,         0.1000,         1.8878,         0.0530,         0.0000,         0.0000,     1
   35.000000,    81.000000,        -3.1000,         1.8878,        -1.6421,         0.0000,         0.0000,     1
   37.000000,    81.000000,        -3.9000,         1.5561,        -2.5063,        -1.0000,        -3.9000,     1
   51.000000,    81.000000,        -1.0000,         1.2127,        -0.8246,         0.0000,         0.0000,     2
   55.000000,    81.000000,        -0.7833,         0.6469,        -1.2109,         0.0000,         0.0000,     6
   43.000000,    83.000000,         0.1000,         1.8112,         0.0552,         0.0000,         0.0000,     1
   45.000000,    83.000000,         2.9000,         0.7653,         3.7894,         1.0000,         2.9000,     1
   55.000000,    83.000000,        -1.6500,         0.7701,        -2.1426,        -1.0000,        -1.6500,     2
   57.000000,    83.000000,        -2.6500,         1.4163,        -1.8711,         0.0000,         0.0000,     2
   59.000000,    83.000000,        -2.5000,         1.4112,        -1.7716,         0.0000,         0.0000,     2
   71.000000,    83.000000,        -1.5000,         0.6892,        -2.1764,        -1.0000,        -1.5000,     2
   29.000000,    85.000000,        -3.3000,         1.7857,        -1.8480,         0.0000,         0.0000,     1
   31.000000,    85.000000,         1.0500,         1.0240,         1.0254,         0.0000,         0.0000,     2
   45.000000,    85.000000,        -2.0000,         2.0918,        -0.9561,         0.0000,         0.0000,     1
   57.000000,    85.000000,        -3.4750,         0.7389,        -4.7032,        -1.0000,        -3.4750,     4
   59.000000,    85.000000,        -2.1000,         0.6332,        -3.3167,        -1.0000,        -2.1000,     6
   69.000000,    85.000000,         0.6000,         1.1321,         0.5300,         0.0000,         0.0000,     2
   43.000000,    87.000000,        -0.2000,         1.0487,        -0.1907,         0.0000,         0.0000,     2
   47.000000,    87.000000,        -4.1000,         1.4541,        -2.8196,        -1.0000,        -4.1000,     1
   49.000000,    87.000000,        -2.1500,         1.1730,        -1.8328,         0.0000,         0.0000,     2
   61.000000,    87.000000,        -0.1833,         0.5516,        -0.3324,         0.0000,         0.0000,     6
   67.000000,    87.000000,        -0.3500,         1.1534,        -0.3034,         0.0000,         0.0000,     2
   69.000000,    87.000000,         1.6500,         0.9127,         1.8078,         0.0000,         0.0000,     4
   31.000000,    89.000000,         3.5000,         1.6327,         2.1437,         1.0000,         3.5000,     1
   37.000000,    89.000000,        -5.6000,         1.0459,        -5.3542,        -1.0000,        -5.6000,     1
   49.000000,    89.000000,         0.5750,         0.5170,         1.1122,         0.0000,         0.0000,     8
   57.000000,    89.000000,        -2.4500,         1.5258,        -1.6057,         0.0000,         0.0000,     2
   61.000000,    89.000000,         0.0000,         1.0861,         0.0000,         0.0000,         0.0000,     2
   41.000000,    91.000000,         2.8000,         1.4286,         1.9600,         0.0000,         0.0000,     1
   49.000000,    91.000000,         4.8000,         0.6199,         7.7436,         1.0000,         4.8000,     4
   61.000000,    91.000000,        -2.9000,         0.8053,        -3.6009,        -1.0000,        -2.9000,     4
   35.000000,    93.000000,         0.8000,         1.0714,         0.7467,         0.0000,         0.0000,     1
   59.000000,    93.000000,        -3.3000,         1.1403,        -2.8939,        -1.0000,        -3.3000,     2
   51.000000,    95.000000,         4.6500,         1.0409,         4.4671,         1.0000,         4.6500,     2
   39.000000,    97.000000,         3.1000,         1.4541,         2.1319,         1.0000,         3.1000,     1
   27.000000,    99.000000,         3.4000,         1.5561,         2.1849,         1.0000,         3.4000,     1
   37.000000,    99.000000,         0.7000,         0.5612,         1.2473,         0.0000,         0.0000,     1
   49.000000,    99.000000,         5.5333,         0.4218,        13.1180,         1.0000,         5.5333,     9
   51.000000,    99.000000,         4.0000,         1.0116,         3.9542,         1.0000,         4.0000,     2
   71.000000,    99.000000,         2.7500,         1.4186,         1.9385,         0.0000,         0.0000,     2
   23.000000,   101.000000,        -7.0000,         1.0969,        -6.3816,        -1.0000,        -7.0000,     1
   25.000000,   101.000000,        -4.6000,         1.9898,        -2.3118,        -1.0000,        -4.6000,     1
   27.000000,   101.000000,         0.4000,         1.6069,         0.2489,         0.0000,         0.0000,     1
   33.000000,   101.000000,        -1.6000,         0.7576,        -2.1119,        -1.0000,        -1.6000,     2
   37.000000,   101.000000,         0.0000,         0.8929,         0.0000,         0.0000,         0.0000,     1
   47.000000,   101.000000,         5.4500,         0.7880,         6.9167,         1.0000,         5.4500,     2
   51.000000,   101.000000,        -0.7000,         1.3620,        -0.5140,         0.0000,         0.0000,     2
   27.000000,   103.000000,        -2.3000,         1.8622,        -1.2351,         0.0000,         0.0000,     1
   33.000000,   103.000000,        -0.3500,         1.1190,        -0.3128,         0.0000,         0.0000,     2
   49.000000,   103.000000,         1.5500,         0.7932,         1.9541,         0.0000,         0.0000,     4
   61.000000,   103.000000,        -0.2000,         1.2709,        -0.1574,         0.0000,         0.0000,     2
   35.000000,   105.000000,        -1.7500,         1.0485,        -1.6691,         0.0000,         0.0000,     2
   35.000000,   107.000000,        -5.2000,         1.7602,        -2.9542,        -1.0000,        -5.2000,     1
   39.000000,   107.000000,         1.8000,         1.1990,         1.5013,         0.0000,         0.0000,     1
   51.000000,   107.000000,         1.6750,         0.8304,         2.0171,         1.0000,         1.6750,     4
   25.000000,   109.000000,        -6.9000,         1.1224,        -6.1475,        -1.0000,        -6.9000,     1
   31.000000,   109.000000,        -0.4000,         1.6069,        -0.2489,         0.0000,         0.0000,     1
   35.000000,   109.000000,        -2.4500,         0.7126,        -3.4380,        -1.0000,        -2.4500,     6
   37.000000,   109.000000,        -3.9500,         1.1076,        -3.5663,        -1.0000,        -3.9500,     2
   39.000000,   109.000000,        -3.8000,         0.8163,        -4.6552,        -1.0000,        -3.8000,     1
   53.000000,   109.000000,        -2.2000,         0.8260,        -2.6636,        -1.0000,        -2.2000,     4
   21.000000,   111.000000,        -0.6000,         1.2915,        -0.4646,         0.0000,         0.0000,     2
   25.000000,   111.000000,        -4.3000,         1.9643,        -2.1891,        -1.0000,        -4.3000,     1
   31.000000,   111.000000,        -5.4000,         1.1735,        -4.6016,        -1.0000,        -5.4000,     1
   41.000000,   111.000000,        -1.3000,         1.5051,        -0.8637,         0.0000,         0.0000,     1
   53.000000,   111.000000,         1.2500,         1.3649,         0.9158,         0.0000,         0.0000,     2
   55.000000,   111.000000,        -2.0500,         1.0284,        -1.9935,         0.0000,         0.0000,     2
   21.000000,   113.000000,         3.9000,         1.6071,         2.4267,         1.0000,         3.9000,     1
   23.000000,   113.000000,        -0.1667,         0.9285,        -0.1795,         0.0000,         0.0000,     3
   31.000000,   113.000000,         1.8500,         0.9936,         1.8620,         0.0000,         0.0000,     2
   41.000000,   113.000000,        -0.7846,         0.4299,        -1.8250,         0.0000,         0.0000,    13
   41.000000,   115.000000,         0.2333,         0.8304,         0.2810,         0.0000,         0.0000,     3
   23.000000,   117.000000,        -2.8667,         0.8430,        -3.4005,        -1.0000,        -2.8667,     3
   31.000000,   117.000000,         3.6000,         0.8163,         4.4101,         1.0000,         3.6000,     1
   39.000000,   117.000000,        -0.6667,         0.9067,        -0.7353,         0.0000,         0.0000,     3
   43.000000,   117.000000,        -0.5000,         1.0663,        -0.4689,         0.0000,         0.0000,     2
   49.000000,   117.000000,        -4.8000,         1.9133,        -2.5088,        -1.0000,        -4.8000,     1
   31.000000,   119.000000,        -0.5333,         0.9584,        -0.5565,         0.0000,         0.0000,     3
   33.000000,   119.000000,         0.1667,         1.1657,         0.1430,         0.0000,         0.0000,     3
   39.000000,   119.000000,         3.2333,         0.6149,         5.2583,         1.0000,         3.2333,     3
   41.000000,   119.000000,         3.7000,         2.0663,         1.7906,         0.0000,         0.0000,     1
   49.000000,   119.000000,        -1.8000,         1.8112,        -0.9938,         0.0000,         0.0000,     1
   -9.000000,   121.000000,        -0.2000,         1.5000,        -0.1333,         0.0000,         0.0000,     1
   23.000000,   121.000000,        -0.1667,         0.7397,        -0.2253,         0.0000,         0.0000,     3
   31.000000,   121.000000,        -1.2429,         0.5114,        -2.4305,        -1.0000,        -1.2429,     7
   37.000000,   121.000000,         2.1500,         0.9209,         2.3346,         1.0000,         2.1500,     2
   39.000000,   121.000000,         0.7000,         1.9388,         0.3610,         0.0000,         0.0000,     1
   63.000000,   121.000000,        -0.9500,         1.2900,        -0.7364,         0.0000,         0.0000,     2
   65.000000,   121.000000,         0.5500,         1.1771,         0.4673,         0.0000,         0.0000,     2
   45.000000,   123.000000,        -1.6333,         0.9111,        -1.7927,         0.0000,         0.0000,     3
   47.000000,   123.000000,        -2.7000,         2.2449,        -1.2027,         0.0000,         0.0000,     1
   63.000000,   123.000000,        -0.9500,         1.3657,        -0.6956,         0.0000,         0.0000,     2
   43.000000,   125.000000,        -3.2333,         1.1565,        -2.7958,        -1.0000,        -3.2333,     3
   57.000000,   125.000000,        -2.0500,         1.2630,        -1.6231,         0.0000,         0.0000,     2
   43.000000,   127.000000,        -0.7000,         1.9388,        -0.3610,         0.0000,         0.0000,     1
   49.000000,   129.000000,        -2.7000,         1.9388,        -1.3926,         0.0000,         0.0000,     1
   61.000000,   129.000000,         0.4250,         0.7551,         0.5628,         0.0000,         0.0000,     4
   63.000000,   129.000000,        -1.1000,         1.3084,        -0.8407,         0.0000,         0.0000,     2
   59.000000,   131.000000,        -2.1000,         1.2053,        -1.7424,         0.0000,         0.0000,     2
   47.000000,   133.000000,        -3.4000,         0.9949,        -3.4174,        -1.0000,        -3.4000,     1
   49.000000,   133.000000,        -2.9000,         1.3265,        -2.1862,        -1.0000,        -2.9000,     1
   35.000000,   135.000000,         2.4000,         1.1362,         2.1122,         1.0000,         2.4000,     2
   49.000000,   135.000000,        -1.9000,         2.0918,        -0.9083,         0.0000,         0.0000,     1
   71.000000,   137.000000,        -1.0000,         1.5128,        -0.6610,         0.0000,         0.0000,     2
   65.000000,   141.000000,        -2.3000,         0.9167,        -2.5091,        -1.0000,        -2.3000,     2
   69.000000,   149.000000,         0.6000,         1.2545,         0.4783,         0.0000,         0.0000,     2
   71.000000,   157.000000,         2.3000,         1.0614,         2.1669,         1.0000,         2.3000,     2
  -47.000000,   167.000000,        -0.7500,         1.1362,        -0.6601,         0.0000,         0.0000,     2
  -47.000000,   169.000000,         1.2000,         1.1362,         1.0561,         0.0000,         0.0000,     2
  -45.000000,   171.000000,        -0.3000,         1.1362,        -0.2640,         0.0000,         0.0000,     2
  -43.000000,   171.000000,        -0.5000,         1.1362,        -0.4400,         0.0000,         0.0000,     2
  -39.000000,   175.000000,        -0.3500,         0.8034,        -0.4356,         0.0000,         0.0000,     4
  -37.000000,   175.000000,         0.2500,         1.1362,         0.2200,         0.0000,         0.0000,     2
